{"platforms":[],"player":{"pos":[-10.02621555,295996.31250000],"dir":1,"can_run":false,"size":[64.00000000,64.00000000],"vel":[0.00000000,17200.23437500],"state":0,"action":0,"movement":0,"apex":false,"anim":{"atlas_anim":0,"current_frame":0,"timer":0.00000000},"feet_collider":{"x":-12.02621555,"y":295995.31250000,"width":4.00000000,"height":1.00000000},"face_collider":{"x":-15.02621555,"y":295990.31250000,"width":1.00000000,"height":4.00000000},"head_collider":{"x":-12.02621555,"y":295984.31250000,"width":4.00000000,"height":1.00000000}},"edit_screen":{"menu":{"size":[0.00000000,0.00000000],"pos":[0.00000000,0.00000000],"nodes":[{"uid":0,"texture":{"id":0,"width":0,"height":0,"mipmaps":0,"format":0},"size":[16.00000000,32.00000000],"pos":[0.00000000,0.00000000],"mouseOver":false},{"uid":0,"texture":{"id":0,"width":0,"height":0,"mipmaps":0,"format":0},"size":[16.00000000,32.00000000],"pos":[0.00000000,0.00000000],"mouseOver":false},{"uid":0,"texture":{"id":0,"width":0,"height":0,"mipmaps":0,"format":0},"size":[16.00000000,32.00000000],"pos":[0.00000000,0.00000000],"mouseOver":false}]},"selection_idx":-1}}